questions,responses
"What is Castle Swimmer Chapter 83 about?","Castle Swimmer Chapter 83 begins with a shocking revelation about Siren being cursed, contrary to the prophecy that he was supposed to save his race."
"Who is Siren?","Siren is the cursed character in Castle Swimmer, whose prophecy was to save his race but was revealed to be part of a fatal trap."
"What happens in Castle Swimmer Chapter 84?","Siren learns that another mini-god is connected to his curse and receives a warning not to trust prophecies or gods."
"What is Kappa’s role in Castle Swimmer?","Kappa is a key character who discovers new prophecies and allies with Siren to fight their fate and find redemption."
"Who are Kappa’s allies?","Kappa's allies include Siren, Queen Nee, and Krilli, among others, who help him in his quest to break curses and unveil new prophecies."
"What is the curse on Siren?","Siren’s curse was originally foretold in the prophecy to save his race, but it became a trap leading him to potential doom, as revealed in later chapters."
"What happens in Castle Swimmer Chapter 85?","Siren deals with emotional and physical stress, and a heartfelt conversation with Pim leads to deeper revelations about his past and his mother."
"Who is Queen Nee?","Queen Nee is a character connected to the prophecy, appearing later in Castle Swimmer. She plays a critical role in Kappa's journey and reveals key information."
"What happens in Castle Swimmer Chapter 86?","In this chapter, Siren starts working on breaking the curse by teaming up with Kappa, and they set out to find a demi-god who can help them."
"What is Kappa’s new prophecy in Chapter 87?","Kappa wakes up to a new prophecy in Chapter 87, where he is tasked with discovering more about the curse and possibly defeating the mini-god holding the power."
"What is the mini-god in Castle Swimmer?","The mini-god in Castle Swimmer is the entity sustaining the curse, and Siren learns that there’s a different mini-god who now controls the curse’s power."
"What happens in Castle Swimmer Chapter 88?","Queen Nethimir instructs Kappa to return to the prophecy, revealing deeper connections to the castle and its powers."
"What happens in Castle Swimmer Chapter 89?","In this chapter, Kappa reunites with Queen Nee, and together they begin planning how to deal with the prophecies and the destruction caused by the curses."
"What is Siren’s relationship with Pim?","Siren and Pim have a growing relationship of trust, as seen in Chapter 85 when Pim helps Siren cope with his struggles and gives him an emotional gift."
"What does Siren say about his mother?","Siren reveals that he misses his mother, despite the painful memories, and that she left him with emotional scars."
"What are the key themes of Castle Swimmer?","Key themes include prophecy, curses, redemption, friendship, loyalty, and breaking free from the shackles of destiny."
"What is Kappa’s connection to the prophecy?","Kappa discovers new prophecies in later chapters, which tie him closely to Siren’s quest, and becomes instrumental in unlocking the secrets of the curse."
"Who is Krilli?","Krilli is one of Kappa’s allies and plays a significant role in helping Kappa and Siren navigate the complexities of the prophecy."
"How does Siren feel about his fate?","Siren initially feels trapped by his fate and the prophecy but gradually becomes determined to fight for his right to live and not be defined by the prophecy."
